intent,precision,recall,f1,support
change_date,1.0,1.0,1.0,5
change_doctor,1.0,1.0,1.0,13
provide_patient_phone,1.0,1.0,1.0,7
provide_patient_age,1.0,1.0,1.0,7
provide_patient_gender,1.0,1.0,1.0,2
greeting,1.0,1.0,1.0,4
doctor_unavailable,1.0,1.0,1.0,6
book_appointment,0.9483870967741935,0.9932432432432432,0.9702970297029703,148
provide_patient_name,0.8888888888888888,1.0,0.9411764705882353,8
appointment_confirmation,1.0,0.8571428571428571,0.9230769230769231,7
confirm,0.8571428571428571,1.0,0.9230769230769231,6
check_availability,1.0,0.8333333333333334,0.9090909090909091,12
find_doctor,0.8333333333333334,1.0,0.9090909090909091,5
doctor_fee,0.8,1.0,0.8888888888888888,8
appointment_status,0.8,1.0,0.8888888888888888,4
reschedule_appointment,0.8888888888888888,0.8888888888888888,0.8888888888888888,18
doctor_qualifications,0.8571428571428571,0.8571428571428571,0.8571428571428571,7
cancel_appointment,1.0,0.75,0.8571428571428571,8
doctor_specialization,0.8571428571428571,0.8571428571428571,0.8571428571428571,7
deny,0.7142857142857143,1.0,0.8333333333333334,5
clinic_closed,0.6666666666666666,1.0,0.8,4
thank_you,0.6666666666666666,1.0,0.8,4
clinic_location,1.0,0.6666666666666666,0.8,3
doctor_information,0.8571428571428571,0.6666666666666666,0.75,9
emergency,1.0,0.5454545454545454,0.7058823529411765,11
unclear_request,0.8,0.5714285714285714,0.6666666666666666,7
change_time,1.0,0.5,0.6666666666666666,6
help,0.5714285714285714,0.6666666666666666,0.6153846153846154,6
repeat_information,0.5,0.6666666666666666,0.5714285714285714,6
goodbye,1.0,0.3333333333333333,0.5,6
clinic_timing,0.4,0.4,0.4,5
