intent,purpose,precision,recall,f1,support
appointment_confirmation,Caller confirms booking details,1.0,0.8571428571428571,0.9230769230769231,7
appointment_status,Ask about an existing appointment,0.8,1.0,0.8888888888888888,4
book_appointment,Request a new appointment,0.9483870967741935,0.9932432432432432,0.9702970297029703,148
cancel_appointment,Cancel an appointment,1.0,0.75,0.8571428571428571,8
change_date,Move an appointment to another day,1.0,1.0,1.0,5
change_doctor,Replace the doctor,1.0,1.0,1.0,13
change_time,Move an appointment to another time,1.0,0.5,0.6666666666666666,6
check_availability,Is a doctor or slot free?,1.0,0.8333333333333334,0.9090909090909091,12
clinic_closed,Is the clinic closed?,0.6666666666666666,1.0,0.8,4
clinic_location,Clinic address,1.0,0.6666666666666666,0.8,3
clinic_timing,Opening hours,0.4,0.4,0.4,5
confirm,Yes / agreement,0.8571428571428571,1.0,0.9230769230769231,6
deny,No / refusal,0.7142857142857143,1.0,0.8333333333333334,5
doctor_fee,Consultation fee,0.8,1.0,0.8888888888888888,8
doctor_information,"Doctor details, or a bare doctor name",0.8571428571428571,0.6666666666666666,0.75,9
doctor_qualifications,Degrees and experience,0.8571428571428571,0.8571428571428571,0.8571428571428571,7
doctor_specialization,What the doctor treats,0.8571428571428571,0.8571428571428571,0.8571428571428571,7
doctor_unavailable,Doctor absence / leave,1.0,1.0,1.0,6
emergency,"Medical emergency - escalate, never book",1.0,0.5454545454545454,0.7058823529411765,11
find_doctor,Which doctors does the clinic have,0.8333333333333334,1.0,0.9090909090909091,5
goodbye,End the call,1.0,0.3333333333333333,0.5,6
greeting,Open the call,1.0,1.0,1.0,4
help,Ask what the line can do,0.5714285714285714,0.6666666666666666,0.6153846153846154,6
provide_patient_age,Caller gives an age,1.0,1.0,1.0,7
provide_patient_gender,Caller gives a gender,1.0,1.0,1.0,2
provide_patient_name,Caller gives a name,0.8888888888888888,1.0,0.9411764705882353,8
provide_patient_phone,Caller gives a phone number,1.0,1.0,1.0,7
repeat_information,Ask the agent to repeat,0.5,0.6666666666666666,0.5714285714285714,6
reschedule_appointment,Move an appointment,0.8888888888888888,0.8888888888888888,0.8888888888888888,18
thank_you,Thanks,0.6666666666666666,1.0,0.8,4
unclear_request,"Hesitation, filler or out-of-domain speech",0.8,0.5714285714285714,0.6666666666666666,7
